CacheSize,ConcurrentLruHitRate,ClassicLruHitRate
25,0.3074854393579459,0.12339894258281078
50,0.38541435017765774,0.21441939220308404
75,0.4252123346830987,0.2784286871100062
100,0.45102559165447403,0.32256096493638853
125,0.4721936919103159,0.3530941454952625
150,0.48687634020955906,0.37484624347754925
175,0.49932971822611416,0.39100132865614856
200,0.5083386468801666,0.4035904822418645
