CacheSize,ConcurrentLruHitRate,ClassicLruHitRate
25,30.748543935794594,12.339894258281078
50,38.54143501776577,21.441939220308402
75,42.52123346830987,27.84286871100062
100,45.1025591654474,32.25609649363885
125,47.21936919103159,35.30941454952625
150,48.687634020955905,37.484624347754924
175,49.932971822611414,39.10013286561485
200,50.83386468801666,40.35904822418645
